[
{
    "model": "admin.logentry",
    "pk": 1,
    "fields": {
        "action_time": "2022-12-10T22:04:40.597Z",
        "user": 1,
        "content_type": 9,
        "object_id": "1",
        "object_repr": "title:Islamic Republic of Iran",
        "action_flag": 1,
        "change_message": "[{\"added\": {}}]"
    }
},
{
    "model": "admin.logentry",
    "pk": 2,
    "fields": {
        "action_time": "2022-12-10T22:33:25.649Z",
        "user": 1,
        "content_type": 9,
        "object_id": "2",
        "object_repr": "title:World Champion",
        "action_flag": 1,
        "change_message": "[{\"added\": {}}]"
    }
},
{
    "model": "admin.logentry",
    "pk": 3,
    "fields": {
        "action_time": "2022-12-10T23:32:48.963Z",
        "user": 1,
        "content_type": 7,
        "object_id": "1",
        "object_repr": "animation name:cinderella",
        "action_flag": 1,
        "change_message": "[{\"added\": {}}]"
    }
},
{
    "model": "admin.logentry",
    "pk": 4,
    "fields": {
        "action_time": "2022-12-10T23:33:59.204Z",
        "user": 1,
        "content_type": 7,
        "object_id": "2",
        "object_repr": "animation name:shrek",
        "action_flag": 1,
        "change_message": "[{\"added\": {}}]"
    }
},
{
    "model": "admin.logentry",
    "pk": 5,
    "fields": {
        "action_time": "2022-12-10T23:34:56.211Z",
        "user": 1,
        "content_type": 7,
        "object_id": "3",
        "object_repr": "animation name:nemo",
        "action_flag": 1,
        "change_message": "[{\"added\": {}}]"
    }
},
{
    "model": "admin.logentry",
    "pk": 6,
    "fields": {
        "action_time": "2022-12-10T23:35:52.372Z",
        "user": 1,
        "content_type": 8,
        "object_id": "1",
        "object_repr": "Mathematic",
        "action_flag": 1,
        "change_message": "[{\"added\": {}}]"
    }
},
{
    "model": "admin.logentry",
    "pk": 7,
    "fields": {
        "action_time": "2022-12-10T23:37:07.566Z",
        "user": 1,
        "content_type": 8,
        "object_id": "2",
        "object_repr": "Physics",
        "action_flag": 1,
        "change_message": "[{\"added\": {}}]"
    }
},
{
    "model": "admin.logentry",
    "pk": 8,
    "fields": {
        "action_time": "2022-12-10T23:38:52.325Z",
        "user": 1,
        "content_type": 8,
        "object_id": "3",
        "object_repr": "Biology",
        "action_flag": 1,
        "change_message": "[{\"added\": {}}]"
    }
},
{
    "model": "admin.logentry",
    "pk": 9,
    "fields": {
        "action_time": "2022-12-10T23:40:43.135Z",
        "user": 1,
        "content_type": 9,
        "object_id": "3",
        "object_repr": "title:Politics of United State of America",
        "action_flag": 1,
        "change_message": "[{\"added\": {}}]"
    }
},
{
    "model": "admin.logentry",
    "pk": 10,
    "fields": {
        "action_time": "2022-12-12T13:41:27.538Z",
        "user": 1,
        "content_type": 11,
        "object_id": "1",
        "object_repr": "آموزش",
        "action_flag": 1,
        "change_message": "[{\"added\": {}}]"
    }
},
{
    "model": "admin.logentry",
    "pk": 11,
    "fields": {
        "action_time": "2022-12-12T13:42:38.039Z",
        "user": 1,
        "content_type": 10,
        "object_id": "1",
        "object_repr": "پایه پنجم",
        "action_flag": 1,
        "change_message": "[{\"added\": {}}]"
    }
},
{
    "model": "admin.logentry",
    "pk": 12,
    "fields": {
        "action_time": "2022-12-12T13:45:51.366Z",
        "user": 1,
        "content_type": 12,
        "object_id": "1",
        "object_repr": "1:فارسی",
        "action_flag": 1,
        "change_message": "[{\"added\": {}}]"
    }
},
{
    "model": "admin.logentry",
    "pk": 13,
    "fields": {
        "action_time": "2022-12-12T13:49:06.851Z",
        "user": 1,
        "content_type": 12,
        "object_id": "2",
        "object_repr": "2:ریاضی",
        "action_flag": 1,
        "change_message": "[{\"added\": {}}]"
    }
},
{
    "model": "admin.logentry",
    "pk": 14,
    "fields": {
        "action_time": "2022-12-12T13:49:41.785Z",
        "user": 1,
        "content_type": 12,
        "object_id": "3",
        "object_repr": "3:علوم",
        "action_flag": 1,
        "change_message": "[{\"added\": {}}]"
    }
},
{
    "model": "admin.logentry",
    "pk": 15,
    "fields": {
        "action_time": "2022-12-12T13:49:53.054Z",
        "user": 1,
        "content_type": 12,
        "object_id": "4",
        "object_repr": "4:قرآن",
        "action_flag": 1,
        "change_message": "[{\"added\": {}}]"
    }
},
{
    "model": "admin.logentry",
    "pk": 16,
    "fields": {
        "action_time": "2022-12-12T15:18:19.796Z",
        "user": 1,
        "content_type": 10,
        "object_id": "2",
        "object_repr": "پایه ششم",
        "action_flag": 1,
        "change_message": "[{\"added\": {}}]"
    }
},
{
    "model": "admin.logentry",
    "pk": 17,
    "fields": {
        "action_time": "2022-12-12T15:18:31.817Z",
        "user": 1,
        "content_type": 10,
        "object_id": "3",
        "object_repr": "پایه هفتم",
        "action_flag": 1,
        "change_message": "[{\"added\": {}}]"
    }
},
{
    "model": "admin.logentry",
    "pk": 18,
    "fields": {
        "action_time": "2022-12-14T13:18:35.587Z",
        "user": 1,
        "content_type": 12,
        "object_id": "5",
        "object_repr": "5:ریاضی",
        "action_flag": 1,
        "change_message": "[{\"added\": {}}]"
    }
},
{
    "model": "admin.logentry",
    "pk": 19,
    "fields": {
        "action_time": "2022-12-14T13:19:13.984Z",
        "user": 1,
        "content_type": 12,
        "object_id": "6",
        "object_repr": "6:علوم",
        "action_flag": 1,
        "change_message": "[{\"added\": {}}]"
    }
},
{
    "model": "admin.logentry",
    "pk": 20,
    "fields": {
        "action_time": "2022-12-14T13:19:40.522Z",
        "user": 1,
        "content_type": 12,
        "object_id": "7",
        "object_repr": "7:هدیه های آسمانی",
        "action_flag": 1,
        "change_message": "[{\"added\": {}}]"
    }
},
{
    "model": "admin.logentry",
    "pk": 21,
    "fields": {
        "action_time": "2022-12-14T13:22:51.498Z",
        "user": 1,
        "content_type": 12,
        "object_id": "8",
        "object_repr": "8:ریاضی",
        "action_flag": 1,
        "change_message": "[{\"added\": {}}]"
    }
},
{
    "model": "admin.logentry",
    "pk": 22,
    "fields": {
        "action_time": "2022-12-14T13:23:07.266Z",
        "user": 1,
        "content_type": 12,
        "object_id": "9",
        "object_repr": "9:علوم",
        "action_flag": 1,
        "change_message": "[{\"added\": {}}]"
    }
},
{
    "model": "admin.logentry",
    "pk": 23,
    "fields": {
        "action_time": "2022-12-14T13:23:24.847Z",
        "user": 1,
        "content_type": 12,
        "object_id": "10",
        "object_repr": "10:فارسی",
        "action_flag": 1,
        "change_message": "[{\"added\": {}}]"
    }
},
{
    "model": "admin.logentry",
    "pk": 24,
    "fields": {
        "action_time": "2022-12-14T13:23:41.169Z",
        "user": 1,
        "content_type": 12,
        "object_id": "11",
        "object_repr": "11:قرآن",
        "action_flag": 1,
        "change_message": "[{\"added\": {}}]"
    }
},
{
    "model": "admin.logentry",
    "pk": 25,
    "fields": {
        "action_time": "2022-12-14T13:52:17.536Z",
        "user": 1,
        "content_type": 10,
        "object_id": "4",
        "object_repr": "پایه هشتم",
        "action_flag": 1,
        "change_message": "[{\"added\": {}}]"
    }
},
{
    "model": "admin.logentry",
    "pk": 26,
    "fields": {
        "action_time": "2022-12-14T13:53:01.974Z",
        "user": 1,
        "content_type": 12,
        "object_id": "12",
        "object_repr": "12:قران",
        "action_flag": 1,
        "change_message": "[{\"added\": {}}]"
    }
},
{
    "model": "admin.logentry",
    "pk": 27,
    "fields": {
        "action_time": "2022-12-14T13:56:06.643Z",
        "user": 1,
        "content_type": 10,
        "object_id": "1",
        "object_repr": "پایه پنجم",
        "action_flag": 2,
        "change_message": "[{\"changed\": {\"fields\": [\"Arrange type\"]}}]"
    }
},
{
    "model": "admin.logentry",
    "pk": 28,
    "fields": {
        "action_time": "2022-12-14T13:56:30.576Z",
        "user": 1,
        "content_type": 10,
        "object_id": "1",
        "object_repr": "پایه پنجم",
        "action_flag": 2,
        "change_message": "[{\"changed\": {\"fields\": [\"Arrange type\"]}}]"
    }
},
{
    "model": "admin.logentry",
    "pk": 29,
    "fields": {
        "action_time": "2022-12-20T10:13:58.735Z",
        "user": 1,
        "content_type": 11,
        "object_id": "2",
        "object_repr": "اخبار",
        "action_flag": 1,
        "change_message": "[{\"added\": {}}]"
    }
},
{
    "model": "admin.logentry",
    "pk": 30,
    "fields": {
        "action_time": "2022-12-20T10:14:41.374Z",
        "user": 1,
        "content_type": 11,
        "object_id": "3",
        "object_repr": "سرگرمی",
        "action_flag": 1,
        "change_message": "[{\"added\": {}}]"
    }
},
{
    "model": "admin.logentry",
    "pk": 31,
    "fields": {
        "action_time": "2022-12-21T10:44:34.564Z",
        "user": 1,
        "content_type": 10,
        "object_id": "4",
        "object_repr": "پایه هشتم",
        "action_flag": 2,
        "change_message": "[{\"changed\": {\"fields\": [\"Arrange type\"]}}]"
    }
},
{
    "model": "admin.logentry",
    "pk": 32,
    "fields": {
        "action_time": "2022-12-21T10:49:01.507Z",
        "user": 1,
        "content_type": 10,
        "object_id": "1",
        "object_repr": "پایه پنجم",
        "action_flag": 2,
        "change_message": "[{\"changed\": {\"fields\": [\"Arrange type\"]}}]"
    }
},
{
    "model": "admin.logentry",
    "pk": 33,
    "fields": {
        "action_time": "2022-12-21T10:49:16.714Z",
        "user": 1,
        "content_type": 10,
        "object_id": "2",
        "object_repr": "پایه ششم",
        "action_flag": 2,
        "change_message": "[{\"changed\": {\"fields\": [\"Arrange type\"]}}]"
    }
},
{
    "model": "admin.logentry",
    "pk": 34,
    "fields": {
        "action_time": "2022-12-21T10:49:54.989Z",
        "user": 1,
        "content_type": 10,
        "object_id": "3",
        "object_repr": "پایه هفتم",
        "action_flag": 2,
        "change_message": "[{\"changed\": {\"fields\": [\"Arrange type\"]}}]"
    }
},
{
    "model": "admin.logentry",
    "pk": 35,
    "fields": {
        "action_time": "2022-12-21T10:50:00.027Z",
        "user": 1,
        "content_type": 10,
        "object_id": "4",
        "object_repr": "پایه هشتم",
        "action_flag": 2,
        "change_message": "[{\"changed\": {\"fields\": [\"Arrange type\"]}}]"
    }
},
{
    "model": "admin.logentry",
    "pk": 36,
    "fields": {
        "action_time": "2022-12-25T16:31:30.646Z",
        "user": 1,
        "content_type": 11,
        "object_id": "1",
        "object_repr": "آموزش",
        "action_flag": 2,
        "change_message": "[{\"changed\": {\"fields\": [\"Background\"]}}]"
    }
},
{
    "model": "admin.logentry",
    "pk": 37,
    "fields": {
        "action_time": "2022-12-25T16:32:46.452Z",
        "user": 1,
        "content_type": 10,
        "object_id": "1",
        "object_repr": "پایه پنجم",
        "action_flag": 2,
        "change_message": "[{\"changed\": {\"fields\": [\"Ratio\"]}}]"
    }
},
{
    "model": "admin.logentry",
    "pk": 38,
    "fields": {
        "action_time": "2022-12-25T16:33:28.546Z",
        "user": 1,
        "content_type": 10,
        "object_id": "1",
        "object_repr": "پایه پنجم",
        "action_flag": 2,
        "change_message": "[{\"changed\": {\"fields\": [\"Ratio\"]}}]"
    }
},
{
    "model": "admin.logentry",
    "pk": 39,
    "fields": {
        "action_time": "2022-12-26T11:22:07.213Z",
        "user": 1,
        "content_type": 11,
        "object_id": "4",
        "object_repr": "انیمیشن",
        "action_flag": 1,
        "change_message": "[{\"added\": {}}]"
    }
},
{
    "model": "admin.logentry",
    "pk": 40,
    "fields": {
        "action_time": "2022-12-26T11:33:31.839Z",
        "user": 1,
        "content_type": 10,
        "object_id": "5",
        "object_repr": "ماچراچویی",
        "action_flag": 1,
        "change_message": "[{\"added\": {}}]"
    }
},
{
    "model": "admin.logentry",
    "pk": 41,
    "fields": {
        "action_time": "2022-12-26T11:33:49.804Z",
        "user": 1,
        "content_type": 10,
        "object_id": "6",
        "object_repr": "موزیکال",
        "action_flag": 1,
        "change_message": "[{\"added\": {}}]"
    }
},
{
    "model": "admin.logentry",
    "pk": 42,
    "fields": {
        "action_time": "2022-12-26T11:34:18.535Z",
        "user": 1,
        "content_type": 10,
        "object_id": "5",
        "object_repr": "ماجراجویی",
        "action_flag": 2,
        "change_message": "[{\"changed\": {\"fields\": [\"Title\"]}}]"
    }
},
{
    "model": "admin.logentry",
    "pk": 43,
    "fields": {
        "action_time": "2022-12-26T11:34:48.885Z",
        "user": 1,
        "content_type": 10,
        "object_id": "7",
        "object_repr": "کودکان",
        "action_flag": 1,
        "change_message": "[{\"added\": {}}]"
    }
},
{
    "model": "admin.logentry",
    "pk": 44,
    "fields": {
        "action_time": "2022-12-26T11:35:07.767Z",
        "user": 1,
        "content_type": 10,
        "object_id": "8",
        "object_repr": "کمدی",
        "action_flag": 1,
        "change_message": "[{\"added\": {}}]"
    }
},
{
    "model": "admin.logentry",
    "pk": 45,
    "fields": {
        "action_time": "2022-12-26T11:37:30.977Z",
        "user": 1,
        "content_type": 10,
        "object_id": "9",
        "object_repr": "تکنولوژی",
        "action_flag": 1,
        "change_message": "[{\"added\": {}}]"
    }
},
{
    "model": "admin.logentry",
    "pk": 46,
    "fields": {
        "action_time": "2022-12-26T11:38:32.857Z",
        "user": 1,
        "content_type": 10,
        "object_id": "10",
        "object_repr": "دانستنی",
        "action_flag": 1,
        "change_message": "[{\"added\": {}}]"
    }
},
{
    "model": "admin.logentry",
    "pk": 47,
    "fields": {
        "action_time": "2022-12-26T11:38:52.780Z",
        "user": 1,
        "content_type": 10,
        "object_id": "11",
        "object_repr": "علمی",
        "action_flag": 1,
        "change_message": "[{\"added\": {}}]"
    }
},
{
    "model": "admin.logentry",
    "pk": 48,
    "fields": {
        "action_time": "2022-12-26T11:40:38.803Z",
        "user": 1,
        "content_type": 11,
        "object_id": "2",
        "object_repr": "اخبار",
        "action_flag": 2,
        "change_message": "[{\"changed\": {\"fields\": [\"Background\"]}}]"
    }
},
{
    "model": "admin.logentry",
    "pk": 49,
    "fields": {
        "action_time": "2022-12-26T11:41:02.805Z",
        "user": 1,
        "content_type": 10,
        "object_id": "12",
        "object_repr": "بازی",
        "action_flag": 1,
        "change_message": "[{\"added\": {}}]"
    }
},
{
    "model": "admin.logentry",
    "pk": 50,
    "fields": {
        "action_time": "2022-12-26T11:41:13.064Z",
        "user": 1,
        "content_type": 10,
        "object_id": "13",
        "object_repr": "کتاب",
        "action_flag": 1,
        "change_message": "[{\"added\": {}}]"
    }
},
{
    "model": "admin.logentry",
    "pk": 51,
    "fields": {
        "action_time": "2022-12-26T11:42:53.217Z",
        "user": 1,
        "content_type": 11,
        "object_id": "3",
        "object_repr": "سرگرمی",
        "action_flag": 2,
        "change_message": "[{\"changed\": {\"fields\": [\"Background\"]}}]"
    }
},
{
    "model": "admin.logentry",
    "pk": 52,
    "fields": {
        "action_time": "2022-12-26T12:07:22.386Z",
        "user": 1,
        "content_type": 12,
        "object_id": "12",
        "object_repr": "12:قران",
        "action_flag": 2,
        "change_message": "[{\"changed\": {\"fields\": [\"Image url\"]}}]"
    }
},
{
    "model": "admin.logentry",
    "pk": 53,
    "fields": {
        "action_time": "2023-01-09T17:55:56.063Z",
        "user": 1,
        "content_type": 11,
        "object_id": "4",
        "object_repr": "انیمیشن",
        "action_flag": 2,
        "change_message": "[{\"changed\": {\"fields\": [\"Background\"]}}]"
    }
},
{
    "model": "admin.logentry",
    "pk": 54,
    "fields": {
        "action_time": "2023-01-09T17:56:59.888Z",
        "user": 1,
        "content_type": 11,
        "object_id": "3",
        "object_repr": "سرگرمی",
        "action_flag": 2,
        "change_message": "[{\"changed\": {\"fields\": [\"Background\"]}}]"
    }
},
{
    "model": "admin.logentry",
    "pk": 55,
    "fields": {
        "action_time": "2023-01-09T17:59:01.521Z",
        "user": 1,
        "content_type": 10,
        "object_id": "9",
        "object_repr": "تکنولوژی",
        "action_flag": 3,
        "change_message": ""
    }
},
{
    "model": "admin.logentry",
    "pk": 56,
    "fields": {
        "action_time": "2023-01-09T17:59:01.524Z",
        "user": 1,
        "content_type": 10,
        "object_id": "10",
        "object_repr": "دانستنی",
        "action_flag": 3,
        "change_message": ""
    }
},
{
    "model": "admin.logentry",
    "pk": 57,
    "fields": {
        "action_time": "2023-01-09T17:59:01.526Z",
        "user": 1,
        "content_type": 10,
        "object_id": "11",
        "object_repr": "علمی",
        "action_flag": 3,
        "change_message": ""
    }
},
{
    "model": "admin.logentry",
    "pk": 58,
    "fields": {
        "action_time": "2023-01-09T18:00:47.528Z",
        "user": 1,
        "content_type": 11,
        "object_id": "2",
        "object_repr": "آزمایشگاه",
        "action_flag": 2,
        "change_message": "[{\"changed\": {\"fields\": [\"Name\", \"Background\"]}}]"
    }
},
{
    "model": "admin.logentry",
    "pk": 59,
    "fields": {
        "action_time": "2023-01-09T18:03:10.347Z",
        "user": 1,
        "content_type": 11,
        "object_id": "1",
        "object_repr": "آموزش",
        "action_flag": 2,
        "change_message": "[{\"changed\": {\"fields\": [\"Background\"]}}]"
    }
},
{
    "model": "admin.logentry",
    "pk": 60,
    "fields": {
        "action_time": "2023-01-09T18:03:43.142Z",
        "user": 1,
        "content_type": 11,
        "object_id": "1",
        "object_repr": "آموزش",
        "action_flag": 2,
        "change_message": "[{\"changed\": {\"fields\": [\"Background\"]}}]"
    }
},
{
    "model": "admin.logentry",
    "pk": 61,
    "fields": {
        "action_time": "2023-01-09T18:04:23.600Z",
        "user": 1,
        "content_type": 11,
        "object_id": "5",
        "object_repr": "مشاوره",
        "action_flag": 1,
        "change_message": "[{\"added\": {}}]"
    }
},
{
    "model": "admin.logentry",
    "pk": 62,
    "fields": {
        "action_time": "2023-01-09T18:05:36.125Z",
        "user": 1,
        "content_type": 11,
        "object_id": "5",
        "object_repr": "مشاوره",
        "action_flag": 3,
        "change_message": ""
    }
},
{
    "model": "admin.logentry",
    "pk": 63,
    "fields": {
        "action_time": "2023-01-09T18:05:59.712Z",
        "user": 1,
        "content_type": 11,
        "object_id": "1",
        "object_repr": "آموزش",
        "action_flag": 2,
        "change_message": "[{\"changed\": {\"fields\": [\"Background\"]}}]"
    }
},
{
    "model": "admin.logentry",
    "pk": 64,
    "fields": {
        "action_time": "2023-01-09T18:49:09.445Z",
        "user": 1,
        "content_type": 11,
        "object_id": "1",
        "object_repr": "آموزش",
        "action_flag": 2,
        "change_message": "[{\"changed\": {\"fields\": [\"Background\"]}}]"
    }
},
{
    "model": "admin.logentry",
    "pk": 65,
    "fields": {
        "action_time": "2023-01-09T19:29:11.448Z",
        "user": 1,
        "content_type": 10,
        "object_id": "1",
        "object_repr": "پایه پنجم",
        "action_flag": 2,
        "change_message": "[{\"changed\": {\"fields\": [\"Radius\"]}}]"
    }
},
{
    "model": "admin.logentry",
    "pk": 66,
    "fields": {
        "action_time": "2023-01-09T19:29:48.272Z",
        "user": 1,
        "content_type": 10,
        "object_id": "1",
        "object_repr": "پایه پنجم",
        "action_flag": 2,
        "change_message": "[{\"changed\": {\"fields\": [\"Ratio\"]}}]"
    }
},
{
    "model": "admin.logentry",
    "pk": 67,
    "fields": {
        "action_time": "2023-01-09T19:35:21.825Z",
        "user": 1,
        "content_type": 10,
        "object_id": "1",
        "object_repr": "پایه پنجم",
        "action_flag": 2,
        "change_message": "[{\"changed\": {\"fields\": [\"Radius\", \"Height\", \"Ratio\"]}}]"
    }
},
{
    "model": "admin.logentry",
    "pk": 68,
    "fields": {
        "action_time": "2023-01-09T19:35:46.588Z",
        "user": 1,
        "content_type": 10,
        "object_id": "1",
        "object_repr": "پایه پنجم",
        "action_flag": 2,
        "change_message": "[{\"changed\": {\"fields\": [\"Height\"]}}]"
    }
},
{
    "model": "admin.logentry",
    "pk": 69,
    "fields": {
        "action_time": "2023-01-09T19:36:04.871Z",
        "user": 1,
        "content_type": 10,
        "object_id": "1",
        "object_repr": "پایه پنجم",
        "action_flag": 2,
        "change_message": "[{\"changed\": {\"fields\": [\"Height\", \"Ratio\"]}}]"
    }
},
{
    "model": "admin.logentry",
    "pk": 70,
    "fields": {
        "action_time": "2023-01-09T19:43:34.645Z",
        "user": 1,
        "content_type": 10,
        "object_id": "1",
        "object_repr": "پایه پنجم",
        "action_flag": 2,
        "change_message": "[{\"changed\": {\"fields\": [\"Ratio\"]}}]"
    }
},
{
    "model": "admin.logentry",
    "pk": 71,
    "fields": {
        "action_time": "2023-01-09T19:43:57.682Z",
        "user": 1,
        "content_type": 10,
        "object_id": "1",
        "object_repr": "پایه پنجم",
        "action_flag": 2,
        "change_message": "[{\"changed\": {\"fields\": [\"Height\"]}}]"
    }
},
{
    "model": "admin.logentry",
    "pk": 72,
    "fields": {
        "action_time": "2023-01-09T19:55:20.613Z",
        "user": 1,
        "content_type": 10,
        "object_id": "2",
        "object_repr": "پایه ششم",
        "action_flag": 2,
        "change_message": "[{\"changed\": {\"fields\": [\"Height\", \"Ratio\"]}}]"
    }
},
{
    "model": "admin.logentry",
    "pk": 73,
    "fields": {
        "action_time": "2023-01-09T19:55:30.093Z",
        "user": 1,
        "content_type": 10,
        "object_id": "3",
        "object_repr": "پایه هفتم",
        "action_flag": 2,
        "change_message": "[{\"changed\": {\"fields\": [\"Height\", \"Ratio\"]}}]"
    }
},
{
    "model": "admin.logentry",
    "pk": 74,
    "fields": {
        "action_time": "2023-01-09T19:55:42.211Z",
        "user": 1,
        "content_type": 10,
        "object_id": "4",
        "object_repr": "پایه هشتم",
        "action_flag": 2,
        "change_message": "[{\"changed\": {\"fields\": [\"Height\", \"Ratio\"]}}]"
    }
},
{
    "model": "admin.logentry",
    "pk": 75,
    "fields": {
        "action_time": "2023-01-11T10:59:57.617Z",
        "user": 1,
        "content_type": 11,
        "object_id": "1",
        "object_repr": "آموزش",
        "action_flag": 2,
        "change_message": "[{\"changed\": {\"fields\": [\"Style\"]}}]"
    }
},
{
    "model": "admin.logentry",
    "pk": 76,
    "fields": {
        "action_time": "2023-01-14T14:09:17.039Z",
        "user": 1,
        "content_type": 11,
        "object_id": "1",
        "object_repr": "آموزش",
        "action_flag": 2,
        "change_message": "[{\"changed\": {\"fields\": [\"Style\"]}}]"
    }
},
{
    "model": "admin.logentry",
    "pk": 77,
    "fields": {
        "action_time": "2023-01-14T14:09:55.083Z",
        "user": 1,
        "content_type": 11,
        "object_id": "1",
        "object_repr": "آموزش",
        "action_flag": 2,
        "change_message": "[{\"changed\": {\"fields\": [\"Style\"]}}]"
    }
},
{
    "model": "admin.logentry",
    "pk": 78,
    "fields": {
        "action_time": "2023-01-14T14:56:12.483Z",
        "user": 1,
        "content_type": 12,
        "object_id": "13",
        "object_repr": "13:باب اسفنجی",
        "action_flag": 1,
        "change_message": "[{\"added\": {}}]"
    }
},
{
    "model": "admin.logentry",
    "pk": 79,
    "fields": {
        "action_time": "2023-01-14T14:57:57.427Z",
        "user": 1,
        "content_type": 12,
        "object_id": "14",
        "object_repr": "14:میکی ماوس",
        "action_flag": 1,
        "change_message": "[{\"added\": {}}]"
    }
},
{
    "model": "admin.logentry",
    "pk": 80,
    "fields": {
        "action_time": "2023-01-14T14:59:51.320Z",
        "user": 1,
        "content_type": 12,
        "object_id": "15",
        "object_repr": "15:بچه رییس",
        "action_flag": 1,
        "change_message": "[{\"added\": {}}]"
    }
},
{
    "model": "admin.logentry",
    "pk": 81,
    "fields": {
        "action_time": "2023-01-14T15:16:17.244Z",
        "user": 1,
        "content_type": 12,
        "object_id": "16",
        "object_repr": "16:نقابداران",
        "action_flag": 1,
        "change_message": "[{\"added\": {}}]"
    }
},
{
    "model": "admin.logentry",
    "pk": 82,
    "fields": {
        "action_time": "2023-01-14T15:17:08.751Z",
        "user": 1,
        "content_type": 12,
        "object_id": "17",
        "object_repr": "17:آنچارتد",
        "action_flag": 1,
        "change_message": "[{\"added\": {}}]"
    }
},
{
    "model": "admin.logentry",
    "pk": 83,
    "fields": {
        "action_time": "2023-01-14T15:17:32.949Z",
        "user": 1,
        "content_type": 12,
        "object_id": "18",
        "object_repr": "18:پابجی",
        "action_flag": 1,
        "change_message": "[{\"added\": {}}]"
    }
},
{
    "model": "admin.logentry",
    "pk": 84,
    "fields": {
        "action_time": "2023-01-14T15:17:59.790Z",
        "user": 1,
        "content_type": 12,
        "object_id": "19",
        "object_repr": "19:کرایسیس",
        "action_flag": 1,
        "change_message": "[{\"added\": {}}]"
    }
},
{
    "model": "admin.logentry",
    "pk": 85,
    "fields": {
        "action_time": "2023-01-14T15:18:36.709Z",
        "user": 1,
        "content_type": 12,
        "object_id": "18",
        "object_repr": "18:پابجی",
        "action_flag": 3,
        "change_message": ""
    }
},
{
    "model": "admin.logentry",
    "pk": 86,
    "fields": {
        "action_time": "2023-01-14T15:18:36.711Z",
        "user": 1,
        "content_type": 12,
        "object_id": "17",
        "object_repr": "17:آنچارتد",
        "action_flag": 3,
        "change_message": ""
    }
},
{
    "model": "admin.logentry",
    "pk": 87,
    "fields": {
        "action_time": "2023-01-14T15:19:04.529Z",
        "user": 1,
        "content_type": 12,
        "object_id": "20",
        "object_repr": "20:ویتچر",
        "action_flag": 1,
        "change_message": "[{\"added\": {}}]"
    }
},
{
    "model": "admin.logentry",
    "pk": 88,
    "fields": {
        "action_time": "2023-01-14T15:19:38.347Z",
        "user": 1,
        "content_type": 12,
        "object_id": "21",
        "object_repr": "21:دووم",
        "action_flag": 1,
        "change_message": "[{\"added\": {}}]"
    }
},
{
    "model": "admin.logentry",
    "pk": 89,
    "fields": {
        "action_time": "2023-01-14T15:20:22.093Z",
        "user": 1,
        "content_type": 12,
        "object_id": "22",
        "object_repr": "22:قصه شب",
        "action_flag": 1,
        "change_message": "[{\"added\": {}}]"
    }
},
{
    "model": "admin.logentry",
    "pk": 90,
    "fields": {
        "action_time": "2023-01-14T15:21:03.265Z",
        "user": 1,
        "content_type": 12,
        "object_id": "22",
        "object_repr": "22:قصه شب",
        "action_flag": 2,
        "change_message": "[{\"changed\": {\"fields\": [\"Image url\"]}}]"
    }
},
{
    "model": "admin.logentry",
    "pk": 91,
    "fields": {
        "action_time": "2023-01-14T15:21:25.008Z",
        "user": 1,
        "content_type": 12,
        "object_id": "23",
        "object_repr": "23:قصه خواب",
        "action_flag": 1,
        "change_message": "[{\"added\": {}}]"
    }
},
{
    "model": "admin.logentry",
    "pk": 92,
    "fields": {
        "action_time": "2023-01-14T15:22:08.315Z",
        "user": 1,
        "content_type": 12,
        "object_id": "24",
        "object_repr": "24:شازده کوچولو",
        "action_flag": 1,
        "change_message": "[{\"added\": {}}]"
    }
},
{
    "model": "admin.logentry",
    "pk": 93,
    "fields": {
        "action_time": "2023-01-14T15:22:55.803Z",
        "user": 1,
        "content_type": 12,
        "object_id": "25",
        "object_repr": "25:هیزم شکن و کبوتر",
        "action_flag": 1,
        "change_message": "[{\"added\": {}}]"
    }
},
{
    "model": "admin.logentry",
    "pk": 94,
    "fields": {
        "action_time": "2023-01-14T15:25:17.167Z",
        "user": 1,
        "content_type": 12,
        "object_id": "26",
        "object_repr": "26:هتل ترنسیلوانیا",
        "action_flag": 1,
        "change_message": "[{\"added\": {}}]"
    }
},
{
    "model": "admin.logentry",
    "pk": 95,
    "fields": {
        "action_time": "2023-01-14T15:25:39.783Z",
        "user": 1,
        "content_type": 12,
        "object_id": "26",
        "object_repr": "26:هتل",
        "action_flag": 2,
        "change_message": "[{\"changed\": {\"fields\": [\"Title\"]}}]"
    }
},
{
    "model": "admin.logentry",
    "pk": 96,
    "fields": {
        "action_time": "2023-01-14T15:26:26.332Z",
        "user": 1,
        "content_type": 12,
        "object_id": "27",
        "object_repr": "27:رایا و اژدها",
        "action_flag": 1,
        "change_message": "[{\"added\": {}}]"
    }
},
{
    "model": "admin.logentry",
    "pk": 97,
    "fields": {
        "action_time": "2023-01-14T15:27:23.124Z",
        "user": 1,
        "content_type": 12,
        "object_id": "28",
        "object_repr": "28:زوتوپیا",
        "action_flag": 1,
        "change_message": "[{\"added\": {}}]"
    }
},
{
    "model": "admin.logentry",
    "pk": 98,
    "fields": {
        "action_time": "2023-01-14T15:29:16.859Z",
        "user": 1,
        "content_type": 12,
        "object_id": "29",
        "object_repr": "29:معلم اژدها",
        "action_flag": 1,
        "change_message": "[{\"added\": {}}]"
    }
},
{
    "model": "admin.logentry",
    "pk": 99,
    "fields": {
        "action_time": "2023-01-14T15:30:13.153Z",
        "user": 1,
        "content_type": 12,
        "object_id": "30",
        "object_repr": "30:پاندای کنگفو کار",
        "action_flag": 1,
        "change_message": "[{\"added\": {}}]"
    }
},
{
    "model": "admin.logentry",
    "pk": 100,
    "fields": {
        "action_time": "2023-01-14T15:30:55.482Z",
        "user": 1,
        "content_type": 12,
        "object_id": "30",
        "object_repr": "30:پاندای کنگفو کار",
        "action_flag": 2,
        "change_message": "[]"
    }
},
{
    "model": "admin.logentry",
    "pk": 101,
    "fields": {
        "action_time": "2023-01-14T15:31:09.872Z",
        "user": 1,
        "content_type": 12,
        "object_id": "30",
        "object_repr": "30:پانداکنگفوکار",
        "action_flag": 2,
        "change_message": "[{\"changed\": {\"fields\": [\"Title\"]}}]"
    }
},
{
    "model": "admin.logentry",
    "pk": 102,
    "fields": {
        "action_time": "2023-01-14T15:31:23.290Z",
        "user": 1,
        "content_type": 12,
        "object_id": "30",
        "object_repr": "30:پاندا",
        "action_flag": 2,
        "change_message": "[{\"changed\": {\"fields\": [\"Title\"]}}]"
    }
},
{
    "model": "admin.logentry",
    "pk": 103,
    "fields": {
        "action_time": "2023-01-14T15:32:22.531Z",
        "user": 1,
        "content_type": 12,
        "object_id": "31",
        "object_repr": "31:روح",
        "action_flag": 1,
        "change_message": "[{\"added\": {}}]"
    }
},
{
    "model": "admin.logentry",
    "pk": 104,
    "fields": {
        "action_time": "2023-01-14T15:33:42.698Z",
        "user": 1,
        "content_type": 12,
        "object_id": "32",
        "object_repr": "32:دیو و دلبر",
        "action_flag": 1,
        "change_message": "[{\"added\": {}}]"
    }
},
{
    "model": "admin.logentry",
    "pk": 105,
    "fields": {
        "action_time": "2023-01-14T15:33:58.082Z",
        "user": 1,
        "content_type": 12,
        "object_id": "33",
        "object_repr": "33:یخ زده",
        "action_flag": 1,
        "change_message": "[{\"added\": {}}]"
    }
},
{
    "model": "admin.logentry",
    "pk": 106,
    "fields": {
        "action_time": "2023-01-14T15:37:15.076Z",
        "user": 1,
        "content_type": 12,
        "object_id": "34",
        "object_repr": "34:آهنگ",
        "action_flag": 1,
        "change_message": "[{\"added\": {}}]"
    }
},
{
    "model": "admin.logentry",
    "pk": 107,
    "fields": {
        "action_time": "2023-01-14T15:38:42.962Z",
        "user": 1,
        "content_type": 12,
        "object_id": "35",
        "object_repr": "35:سنجاب ها",
        "action_flag": 1,
        "change_message": "[{\"added\": {}}]"
    }
},
{
    "model": "admin.logentry",
    "pk": 108,
    "fields": {
        "action_time": "2023-01-14T15:40:43.226Z",
        "user": 1,
        "content_type": 12,
        "object_id": "25",
        "object_repr": "25:هیزم شکن",
        "action_flag": 2,
        "change_message": "[{\"changed\": {\"fields\": [\"Title\"]}}]"
    }
},
{
    "model": "admin.logentry",
    "pk": 109,
    "fields": {
        "action_time": "2023-01-14T15:43:29.243Z",
        "user": 1,
        "content_type": 12,
        "object_id": "36",
        "object_repr": "36:جرج کنجکاو",
        "action_flag": 1,
        "change_message": "[{\"added\": {}}]"
    }
},
{
    "model": "admin.logentry",
    "pk": 110,
    "fields": {
        "action_time": "2023-01-14T15:44:05.431Z",
        "user": 1,
        "content_type": 12,
        "object_id": "37",
        "object_repr": "37:تام و جری",
        "action_flag": 1,
        "change_message": "[{\"added\": {}}]"
    }
},
{
    "model": "admin.logentry",
    "pk": 111,
    "fields": {
        "action_time": "2023-01-14T15:44:42.491Z",
        "user": 1,
        "content_type": 12,
        "object_id": "38",
        "object_repr": "38:شانس",
        "action_flag": 1,
        "change_message": "[{\"added\": {}}]"
    }
},
{
    "model": "admin.logentry",
    "pk": 112,
    "fields": {
        "action_time": "2023-01-14T15:49:37.632Z",
        "user": 1,
        "content_type": 12,
        "object_id": "39",
        "object_repr": "39:سیندرلا",
        "action_flag": 1,
        "change_message": "[{\"added\": {}}]"
    }
},
{
    "model": "admin.logentry",
    "pk": 113,
    "fields": {
        "action_time": "2023-01-14T15:53:23.781Z",
        "user": 1,
        "content_type": 10,
        "object_id": "14",
        "object_repr": "پایه نهم",
        "action_flag": 1,
        "change_message": "[{\"added\": {}}]"
    }
},
{
    "model": "admin.logentry",
    "pk": 114,
    "fields": {
        "action_time": "2023-01-14T15:56:37.249Z",
        "user": 1,
        "content_type": 12,
        "object_id": "40",
        "object_repr": "40:انگلیسی",
        "action_flag": 1,
        "change_message": "[{\"added\": {}}]"
    }
},
{
    "model": "admin.logentry",
    "pk": 115,
    "fields": {
        "action_time": "2023-01-14T15:57:17.786Z",
        "user": 1,
        "content_type": 12,
        "object_id": "41",
        "object_repr": "41:ریاضی",
        "action_flag": 1,
        "change_message": "[{\"added\": {}}]"
    }
},
{
    "model": "admin.logentry",
    "pk": 116,
    "fields": {
        "action_time": "2023-01-14T15:58:23.915Z",
        "user": 1,
        "content_type": 12,
        "object_id": "42",
        "object_repr": "42:علوم",
        "action_flag": 1,
        "change_message": "[{\"added\": {}}]"
    }
},
{
    "model": "admin.logentry",
    "pk": 117,
    "fields": {
        "action_time": "2023-01-14T15:58:56.829Z",
        "user": 1,
        "content_type": 12,
        "object_id": "42",
        "object_repr": "42:علوم",
        "action_flag": 2,
        "change_message": "[{\"changed\": {\"fields\": [\"Image url\"]}}]"
    }
},
{
    "model": "admin.logentry",
    "pk": 118,
    "fields": {
        "action_time": "2023-01-14T15:59:41.993Z",
        "user": 1,
        "content_type": 12,
        "object_id": "43",
        "object_repr": "43:ریاضی",
        "action_flag": 1,
        "change_message": "[{\"added\": {}}]"
    }
},
{
    "model": "admin.logentry",
    "pk": 119,
    "fields": {
        "action_time": "2023-01-14T16:00:00.162Z",
        "user": 1,
        "content_type": 12,
        "object_id": "44",
        "object_repr": "44:فارسی",
        "action_flag": 1,
        "change_message": "[{\"added\": {}}]"
    }
},
{
    "model": "admin.logentry",
    "pk": 120,
    "fields": {
        "action_time": "2023-01-14T16:00:25.481Z",
        "user": 1,
        "content_type": 12,
        "object_id": "45",
        "object_repr": "45:علوم",
        "action_flag": 1,
        "change_message": "[{\"added\": {}}]"
    }
},
{
    "model": "admin.logentry",
    "pk": 121,
    "fields": {
        "action_time": "2023-01-14T16:00:53.097Z",
        "user": 1,
        "content_type": 12,
        "object_id": "46",
        "object_repr": "46:فارسی",
        "action_flag": 1,
        "change_message": "[{\"added\": {}}]"
    }
},
{
    "model": "auth.permission",
    "pk": 1,
    "fields": {
        "name": "Can add log entry",
        "content_type": 1,
        "codename": "add_logentry"
    }
},
{
    "model": "auth.permission",
    "pk": 2,
    "fields": {
        "name": "Can change log entry",
        "content_type": 1,
        "codename": "change_logentry"
    }
},
{
    "model": "auth.permission",
    "pk": 3,
    "fields": {
        "name": "Can delete log entry",
        "content_type": 1,
        "codename": "delete_logentry"
    }
},
{
    "model": "auth.permission",
    "pk": 4,
    "fields": {
        "name": "Can view log entry",
        "content_type": 1,
        "codename": "view_logentry"
    }
},
{
    "model": "auth.permission",
    "pk": 5,
    "fields": {
        "name": "Can add permission",
        "content_type": 2,
        "codename": "add_permission"
    }
},
{
    "model": "auth.permission",
    "pk": 6,
    "fields": {
        "name": "Can change permission",
        "content_type": 2,
        "codename": "change_permission"
    }
},
{
    "model": "auth.permission",
    "pk": 7,
    "fields": {
        "name": "Can delete permission",
        "content_type": 2,
        "codename": "delete_permission"
    }
},
{
    "model": "auth.permission",
    "pk": 8,
    "fields": {
        "name": "Can view permission",
        "content_type": 2,
        "codename": "view_permission"
    }
},
{
    "model": "auth.permission",
    "pk": 9,
    "fields": {
        "name": "Can add group",
        "content_type": 3,
        "codename": "add_group"
    }
},
{
    "model": "auth.permission",
    "pk": 10,
    "fields": {
        "name": "Can change group",
        "content_type": 3,
        "codename": "change_group"
    }
},
{
    "model": "auth.permission",
    "pk": 11,
    "fields": {
        "name": "Can delete group",
        "content_type": 3,
        "codename": "delete_group"
    }
},
{
    "model": "auth.permission",
    "pk": 12,
    "fields": {
        "name": "Can view group",
        "content_type": 3,
        "codename": "view_group"
    }
},
{
    "model": "auth.permission",
    "pk": 13,
    "fields": {
        "name": "Can add user",
        "content_type": 4,
        "codename": "add_user"
    }
},
{
    "model": "auth.permission",
    "pk": 14,
    "fields": {
        "name": "Can change user",
        "content_type": 4,
        "codename": "change_user"
    }
},
{
    "model": "auth.permission",
    "pk": 15,
    "fields": {
        "name": "Can delete user",
        "content_type": 4,
        "codename": "delete_user"
    }
},
{
    "model": "auth.permission",
    "pk": 16,
    "fields": {
        "name": "Can view user",
        "content_type": 4,
        "codename": "view_user"
    }
},
{
    "model": "auth.permission",
    "pk": 17,
    "fields": {
        "name": "Can add content type",
        "content_type": 5,
        "codename": "add_contenttype"
    }
},
{
    "model": "auth.permission",
    "pk": 18,
    "fields": {
        "name": "Can change content type",
        "content_type": 5,
        "codename": "change_contenttype"
    }
},
{
    "model": "auth.permission",
    "pk": 19,
    "fields": {
        "name": "Can delete content type",
        "content_type": 5,
        "codename": "delete_contenttype"
    }
},
{
    "model": "auth.permission",
    "pk": 20,
    "fields": {
        "name": "Can view content type",
        "content_type": 5,
        "codename": "view_contenttype"
    }
},
{
    "model": "auth.permission",
    "pk": 21,
    "fields": {
        "name": "Can add session",
        "content_type": 6,
        "codename": "add_session"
    }
},
{
    "model": "auth.permission",
    "pk": 22,
    "fields": {
        "name": "Can change session",
        "content_type": 6,
        "codename": "change_session"
    }
},
{
    "model": "auth.permission",
    "pk": 23,
    "fields": {
        "name": "Can delete session",
        "content_type": 6,
        "codename": "delete_session"
    }
},
{
    "model": "auth.permission",
    "pk": 24,
    "fields": {
        "name": "Can view session",
        "content_type": 6,
        "codename": "view_session"
    }
},
{
    "model": "auth.permission",
    "pk": 25,
    "fields": {
        "name": "Can add animations",
        "content_type": 7,
        "codename": "add_animations"
    }
},
{
    "model": "auth.permission",
    "pk": 26,
    "fields": {
        "name": "Can change animations",
        "content_type": 7,
        "codename": "change_animations"
    }
},
{
    "model": "auth.permission",
    "pk": 27,
    "fields": {
        "name": "Can delete animations",
        "content_type": 7,
        "codename": "delete_animations"
    }
},
{
    "model": "auth.permission",
    "pk": 28,
    "fields": {
        "name": "Can view animations",
        "content_type": 7,
        "codename": "view_animations"
    }
},
{
    "model": "auth.permission",
    "pk": 29,
    "fields": {
        "name": "Can add educations",
        "content_type": 8,
        "codename": "add_educations"
    }
},
{
    "model": "auth.permission",
    "pk": 30,
    "fields": {
        "name": "Can change educations",
        "content_type": 8,
        "codename": "change_educations"
    }
},
{
    "model": "auth.permission",
    "pk": 31,
    "fields": {
        "name": "Can delete educations",
        "content_type": 8,
        "codename": "delete_educations"
    }
},
{
    "model": "auth.permission",
    "pk": 32,
    "fields": {
        "name": "Can view educations",
        "content_type": 8,
        "codename": "view_educations"
    }
},
{
    "model": "auth.permission",
    "pk": 33,
    "fields": {
        "name": "Can add news",
        "content_type": 9,
        "codename": "add_news"
    }
},
{
    "model": "auth.permission",
    "pk": 34,
    "fields": {
        "name": "Can change news",
        "content_type": 9,
        "codename": "change_news"
    }
},
{
    "model": "auth.permission",
    "pk": 35,
    "fields": {
        "name": "Can delete news",
        "content_type": 9,
        "codename": "delete_news"
    }
},
{
    "model": "auth.permission",
    "pk": 36,
    "fields": {
        "name": "Can view news",
        "content_type": 9,
        "codename": "view_news"
    }
},
{
    "model": "auth.permission",
    "pk": 37,
    "fields": {
        "name": "Can add animation",
        "content_type": 7,
        "codename": "add_animation"
    }
},
{
    "model": "auth.permission",
    "pk": 38,
    "fields": {
        "name": "Can change animation",
        "content_type": 7,
        "codename": "change_animation"
    }
},
{
    "model": "auth.permission",
    "pk": 39,
    "fields": {
        "name": "Can delete animation",
        "content_type": 7,
        "codename": "delete_animation"
    }
},
{
    "model": "auth.permission",
    "pk": 40,
    "fields": {
        "name": "Can view animation",
        "content_type": 7,
        "codename": "view_animation"
    }
},
{
    "model": "auth.permission",
    "pk": 41,
    "fields": {
        "name": "Can add education",
        "content_type": 8,
        "codename": "add_education"
    }
},
{
    "model": "auth.permission",
    "pk": 42,
    "fields": {
        "name": "Can change education",
        "content_type": 8,
        "codename": "change_education"
    }
},
{
    "model": "auth.permission",
    "pk": 43,
    "fields": {
        "name": "Can delete education",
        "content_type": 8,
        "codename": "delete_education"
    }
},
{
    "model": "auth.permission",
    "pk": 44,
    "fields": {
        "name": "Can view education",
        "content_type": 8,
        "codename": "view_education"
    }
},
{
    "model": "auth.permission",
    "pk": 45,
    "fields": {
        "name": "Can add row",
        "content_type": 10,
        "codename": "add_row"
    }
},
{
    "model": "auth.permission",
    "pk": 46,
    "fields": {
        "name": "Can change row",
        "content_type": 10,
        "codename": "change_row"
    }
},
{
    "model": "auth.permission",
    "pk": 47,
    "fields": {
        "name": "Can delete row",
        "content_type": 10,
        "codename": "delete_row"
    }
},
{
    "model": "auth.permission",
    "pk": 48,
    "fields": {
        "name": "Can view row",
        "content_type": 10,
        "codename": "view_row"
    }
},
{
    "model": "auth.permission",
    "pk": 49,
    "fields": {
        "name": "Can add vitrin",
        "content_type": 11,
        "codename": "add_vitrin"
    }
},
{
    "model": "auth.permission",
    "pk": 50,
    "fields": {
        "name": "Can change vitrin",
        "content_type": 11,
        "codename": "change_vitrin"
    }
},
{
    "model": "auth.permission",
    "pk": 51,
    "fields": {
        "name": "Can delete vitrin",
        "content_type": 11,
        "codename": "delete_vitrin"
    }
},
{
    "model": "auth.permission",
    "pk": 52,
    "fields": {
        "name": "Can view vitrin",
        "content_type": 11,
        "codename": "view_vitrin"
    }
},
{
    "model": "auth.permission",
    "pk": 53,
    "fields": {
        "name": "Can add item",
        "content_type": 12,
        "codename": "add_item"
    }
},
{
    "model": "auth.permission",
    "pk": 54,
    "fields": {
        "name": "Can change item",
        "content_type": 12,
        "codename": "change_item"
    }
},
{
    "model": "auth.permission",
    "pk": 55,
    "fields": {
        "name": "Can delete item",
        "content_type": 12,
        "codename": "delete_item"
    }
},
{
    "model": "auth.permission",
    "pk": 56,
    "fields": {
        "name": "Can view item",
        "content_type": 12,
        "codename": "view_item"
    }
},
{
    "model": "auth.user",
    "pk": 1,
    "fields": {
        "password": "pbkdf2_sha256$390000$dykTg0TZePFwAgxQOW0pKO$CSD/HlaF+WJ52bPVkUs72RRec/cVFp9/MNsMQz9l2aw=",
        "last_login": "2023-01-09T17:54:23.070Z",
        "is_superuser": true,
        "username": "amir",
        "first_name": "",
        "last_name": "",
        "email": "am.jahandar@gmail.com",
        "is_staff": true,
        "is_active": true,
        "date_joined": "2022-12-10T21:26:26.307Z",
        "groups": [],
        "user_permissions": []
    }
},
{
    "model": "contenttypes.contenttype",
    "pk": 1,
    "fields": {
        "app_label": "admin",
        "model": "logentry"
    }
},
{
    "model": "contenttypes.contenttype",
    "pk": 2,
    "fields": {
        "app_label": "auth",
        "model": "permission"
    }
},
{
    "model": "contenttypes.contenttype",
    "pk": 3,
    "fields": {
        "app_label": "auth",
        "model": "group"
    }
},
{
    "model": "contenttypes.contenttype",
    "pk": 4,
    "fields": {
        "app_label": "auth",
        "model": "user"
    }
},
{
    "model": "contenttypes.contenttype",
    "pk": 5,
    "fields": {
        "app_label": "contenttypes",
        "model": "contenttype"
    }
},
{
    "model": "contenttypes.contenttype",
    "pk": 6,
    "fields": {
        "app_label": "sessions",
        "model": "session"
    }
},
{
    "model": "contenttypes.contenttype",
    "pk": 7,
    "fields": {
        "app_label": "vitrinapp",
        "model": "animation"
    }
},
{
    "model": "contenttypes.contenttype",
    "pk": 8,
    "fields": {
        "app_label": "vitrinapp",
        "model": "education"
    }
},
{
    "model": "contenttypes.contenttype",
    "pk": 9,
    "fields": {
        "app_label": "vitrinapp",
        "model": "news"
    }
},
{
    "model": "contenttypes.contenttype",
    "pk": 10,
    "fields": {
        "app_label": "vitrinapp",
        "model": "row"
    }
},
{
    "model": "contenttypes.contenttype",
    "pk": 11,
    "fields": {
        "app_label": "vitrinapp",
        "model": "vitrin"
    }
},
{
    "model": "contenttypes.contenttype",
    "pk": 12,
    "fields": {
        "app_label": "vitrinapp",
        "model": "item"
    }
},
{
    "model": "sessions.session",
    "pk": "3h21edynw7x9r9xgciww86ezo1bnju28",
    "fields": {
        "session_data": ".eJxVjMsOwiAQRf-FtSEM5enSvd9AYBikaiAp7cr479qkC93ec859sRC3tYZt0BLmzM4M2Ol3SxEf1HaQ77HdOsfe1mVOfFf4QQe_9kzPy-H-HdQ46rcuXhWRgaT26AioTN5LSFFJnyz6Mk1GC0vJWWdRFWNSRnA6CwdooET2_gDlijfs:1p5S9y:mRSzLcsPQ3nkXcWlXYFGxnIuHQrYzEWzW3qf3pPAfOo",
        "expire_date": "2022-12-28T13:50:58.359Z"
    }
},
{
    "model": "sessions.session",
    "pk": "8ifomuzdzkgnpgzl23fhee70ewptlw1l",
    "fields": {
        "session_data": ".eJxVjMsOwiAQRf-FtSEM5enSvd9AYBikaiAp7cr479qkC93ec859sRC3tYZt0BLmzM4M2Ol3SxEf1HaQ77HdOsfe1mVOfFf4QQe_9kzPy-H-HdQ46rcuXhWRgaT26AioTN5LSFFJnyz6Mk1GC0vJWWdRFWNSRnA6CwdooET2_gDlijfs:1p47TE:zvAqGavBShWFvJ94bMuvMkS56Ae7MV7RBl4zwrpkWNc",
        "expire_date": "2022-12-24T21:33:20.042Z"
    }
},
{
    "model": "sessions.session",
    "pk": "dmgnymgq7la1nmcfwmkjg461971juw2g",
    "fields": {
        "session_data": ".eJxVjMsOwiAQRf-FtSEM5enSvd9AYBikaiAp7cr479qkC93ec859sRC3tYZt0BLmzM4M2Ol3SxEf1HaQ77HdOsfe1mVOfFf4QQe_9kzPy-H-HdQ46rcuXhWRgaT26AioTN5LSFFJnyz6Mk1GC0vJWWdRFWNSRnA6CwdooET2_gDlijfs:1pEwLn:5eL9pE44rKwZdTsZ-_uvxVpFEpgEPqgKz_iPoNb1ixA",
        "expire_date": "2023-01-23T17:54:23.073Z"
    }
},
{
    "model": "sessions.session",
    "pk": "m3pg7ic7pzrs9cxxnxo6zk42yi4moq5w",
    "fields": {
        "session_data": ".eJxVjMsOwiAQRf-FtSEM5enSvd9AYBikaiAp7cr479qkC93ec859sRC3tYZt0BLmzM4M2Ol3SxEf1HaQ77HdOsfe1mVOfFf4QQe_9kzPy-H-HdQ46rcuXhWRgaT26AioTN5LSFFJnyz6Mk1GC0vJWWdRFWNSRnA6CwdooET2_gDlijfs:1p7wZd:JjSs2ZDbFTSFgDMthZjrHjrUDSzQ_BWtESTpmDH9UgA",
        "expire_date": "2023-01-04T10:43:45.521Z"
    }
},
{
    "model": "vitrinapp.vitrin",
    "pk": 1,
    "fields": {
        "name": "آموزش",
        "background": "static/images/amozesh.png",
        "vertical_margin": 100,
        "horizontal_margin": 100,
        "style": "background: linear-gradient(9deg, rgba(254,251,241,1) 0%, rgba(229,250,244,1) 100%);\r\n}\r\ndiv.list-title {\r\n    background: linear-gradient(9deg, rgba(218,197,127,1) 0%, rgba(121,177,161,1) 100%);\r\n    color: #eeeeee;\r\n}\r\nhtml{\r\n    color: rgb(77, 75, 103);\r\n}"
    }
},
{
    "model": "vitrinapp.vitrin",
    "pk": 2,
    "fields": {
        "name": "آزمایشگاه",
        "background": "static/images/labratory_CUVFrqs.png",
        "vertical_margin": 100,
        "horizontal_margin": 100,
        "style": null
    }
},
{
    "model": "vitrinapp.vitrin",
    "pk": 3,
    "fields": {
        "name": "سرگرمی",
        "background": "static/images/shad4_ZTYuaO3.png",
        "vertical_margin": 100,
        "horizontal_margin": 100,
        "style": null
    }
},
{
    "model": "vitrinapp.vitrin",
    "pk": 4,
    "fields": {
        "name": "انیمیشن",
        "background": "static/images/animation_CjwlsQo.png",
        "vertical_margin": 100,
        "horizontal_margin": 100,
        "style": null
    }
},
{
    "model": "vitrinapp.row",
    "pk": 1,
    "fields": {
        "title": "پایه پنجم",
        "arrange_type": "H",
        "radius": 20,
        "height": 250,
        "ratio": "3.0",
        "vitrin": 1
    }
},
{
    "model": "vitrinapp.row",
    "pk": 2,
    "fields": {
        "title": "پایه ششم",
        "arrange_type": "W",
        "radius": 20,
        "height": 250,
        "ratio": "3.0",
        "vitrin": 1
    }
},
{
    "model": "vitrinapp.row",
    "pk": 3,
    "fields": {
        "title": "پایه هفتم",
        "arrange_type": "W",
        "radius": 20,
        "height": 250,
        "ratio": "3.0",
        "vitrin": 1
    }
},
{
    "model": "vitrinapp.row",
    "pk": 4,
    "fields": {
        "title": "پایه هشتم",
        "arrange_type": "H",
        "radius": 20,
        "height": 250,
        "ratio": "3.0",
        "vitrin": 1
    }
},
{
    "model": "vitrinapp.row",
    "pk": 5,
    "fields": {
        "title": "ماجراجویی",
        "arrange_type": "H",
        "radius": 20,
        "height": 100,
        "ratio": "0.0",
        "vitrin": 4
    }
},
{
    "model": "vitrinapp.row",
    "pk": 6,
    "fields": {
        "title": "موزیکال",
        "arrange_type": "H",
        "radius": 20,
        "height": 100,
        "ratio": "0.0",
        "vitrin": 4
    }
},
{
    "model": "vitrinapp.row",
    "pk": 7,
    "fields": {
        "title": "کودکان",
        "arrange_type": "H",
        "radius": 20,
        "height": 100,
        "ratio": "0.0",
        "vitrin": 4
    }
},
{
    "model": "vitrinapp.row",
    "pk": 8,
    "fields": {
        "title": "کمدی",
        "arrange_type": "H",
        "radius": 20,
        "height": 100,
        "ratio": "0.0",
        "vitrin": 4
    }
},
{
    "model": "vitrinapp.row",
    "pk": 12,
    "fields": {
        "title": "بازی",
        "arrange_type": "H",
        "radius": 20,
        "height": 100,
        "ratio": "0.0",
        "vitrin": 3
    }
},
{
    "model": "vitrinapp.row",
    "pk": 13,
    "fields": {
        "title": "کتاب",
        "arrange_type": "H",
        "radius": 20,
        "height": 100,
        "ratio": "0.0",
        "vitrin": 3
    }
},
{
    "model": "vitrinapp.row",
    "pk": 14,
    "fields": {
        "title": "پایه نهم",
        "arrange_type": "H",
        "radius": 20,
        "height": 250,
        "ratio": "3.0",
        "vitrin": 1
    }
},
{
    "model": "vitrinapp.item",
    "pk": 1,
    "fields": {
        "title": "فارسی",
        "image_url": "static/images/farsi5.jpeg",
        "row": 1
    }
},
{
    "model": "vitrinapp.item",
    "pk": 2,
    "fields": {
        "title": "ریاضی",
        "image_url": "static/images/math_CragqpO.jpeg",
        "row": 1
    }
},
{
    "model": "vitrinapp.item",
    "pk": 3,
    "fields": {
        "title": "علوم",
        "image_url": "static/images/bio.jpeg",
        "row": 1
    }
},
{
    "model": "vitrinapp.item",
    "pk": 4,
    "fields": {
        "title": "قرآن",
        "image_url": "static/images/qoran.jpeg",
        "row": 1
    }
},
{
    "model": "vitrinapp.item",
    "pk": 5,
    "fields": {
        "title": "ریاضی",
        "image_url": "static/images/math6.jpeg",
        "row": 2
    }
},
{
    "model": "vitrinapp.item",
    "pk": 6,
    "fields": {
        "title": "علوم",
        "image_url": "static/images/olom6.jpeg",
        "row": 2
    }
},
{
    "model": "vitrinapp.item",
    "pk": 7,
    "fields": {
        "title": "هدیه های آسمانی",
        "image_url": "static/images/hedie6.jpeg",
        "row": 2
    }
},
{
    "model": "vitrinapp.item",
    "pk": 8,
    "fields": {
        "title": "ریاضی",
        "image_url": "static/images/riazi7.jpeg",
        "row": 3
    }
},
{
    "model": "vitrinapp.item",
    "pk": 9,
    "fields": {
        "title": "علوم",
        "image_url": "static/images/olom7.jpeg",
        "row": 3
    }
},
{
    "model": "vitrinapp.item",
    "pk": 10,
    "fields": {
        "title": "فارسی",
        "image_url": "static/images/farsi7.jpeg",
        "row": 3
    }
},
{
    "model": "vitrinapp.item",
    "pk": 11,
    "fields": {
        "title": "قرآن",
        "image_url": "static/images/qoran7.jpeg",
        "row": 3
    }
},
{
    "model": "vitrinapp.item",
    "pk": 12,
    "fields": {
        "title": "قران",
        "image_url": "static/images/qoran7_8KgCj8q.jpeg",
        "row": 4
    }
},
{
    "model": "vitrinapp.item",
    "pk": 13,
    "fields": {
        "title": "باب اسفنجی",
        "image_url": "static/images/animation4.png",
        "row": 7
    }
},
{
    "model": "vitrinapp.item",
    "pk": 14,
    "fields": {
        "title": "میکی ماوس",
        "image_url": "static/images/mice.png",
        "row": 7
    }
},
{
    "model": "vitrinapp.item",
    "pk": 15,
    "fields": {
        "title": "بچه رییس",
        "image_url": "static/images/baby.png",
        "row": 8
    }
},
{
    "model": "vitrinapp.item",
    "pk": 16,
    "fields": {
        "title": "نقابداران",
        "image_url": "static/images/Assassins.png",
        "row": 12
    }
},
{
    "model": "vitrinapp.item",
    "pk": 19,
    "fields": {
        "title": "کرایسیس",
        "image_url": "static/images/crysis.png",
        "row": 12
    }
},
{
    "model": "vitrinapp.item",
    "pk": 20,
    "fields": {
        "title": "ویتچر",
        "image_url": "static/images/wit.png",
        "row": 12
    }
},
{
    "model": "vitrinapp.item",
    "pk": 21,
    "fields": {
        "title": "دووم",
        "image_url": "static/images/doom.png",
        "row": 12
    }
},
{
    "model": "vitrinapp.item",
    "pk": 22,
    "fields": {
        "title": "قصه شب",
        "image_url": "static/images/girl2.png",
        "row": 13
    }
},
{
    "model": "vitrinapp.item",
    "pk": 23,
    "fields": {
        "title": "قصه خواب",
        "image_url": "static/images/girls_itFr6xg.png",
        "row": 13
    }
},
{
    "model": "vitrinapp.item",
    "pk": 24,
    "fields": {
        "title": "شازده کوچولو",
        "image_url": "static/images/shazde.png",
        "row": 13
    }
},
{
    "model": "vitrinapp.item",
    "pk": 25,
    "fields": {
        "title": "هیزم شکن",
        "image_url": "static/images/hizom.png",
        "row": 13
    }
},
{
    "model": "vitrinapp.item",
    "pk": 26,
    "fields": {
        "title": "هتل",
        "image_url": "static/images/Hotel-Transylvania-Transformania.png",
        "row": 5
    }
},
{
    "model": "vitrinapp.item",
    "pk": 27,
    "fields": {
        "title": "رایا و اژدها",
        "image_url": "static/images/Raya_and_the_Last_Dragon.png",
        "row": 7
    }
},
{
    "model": "vitrinapp.item",
    "pk": 28,
    "fields": {
        "title": "زوتوپیا",
        "image_url": "static/images/zotopya.png",
        "row": 5
    }
},
{
    "model": "vitrinapp.item",
    "pk": 29,
    "fields": {
        "title": "معلم اژدها",
        "image_url": "static/images/HTTYD_OneSheet_sm.png",
        "row": 5
    }
},
{
    "model": "vitrinapp.item",
    "pk": 30,
    "fields": {
        "title": "پاندا",
        "image_url": "static/images/kongfopanda.png",
        "row": 8
    }
},
{
    "model": "vitrinapp.item",
    "pk": 31,
    "fields": {
        "title": "روح",
        "image_url": "static/images/soul.png",
        "row": 8
    }
},
{
    "model": "vitrinapp.item",
    "pk": 32,
    "fields": {
        "title": "دیو و دلبر",
        "image_url": "static/images/beautyandbeast.png",
        "row": 6
    }
},
{
    "model": "vitrinapp.item",
    "pk": 33,
    "fields": {
        "title": "یخ زده",
        "image_url": "static/images/Frozen.png",
        "row": 6
    }
},
{
    "model": "vitrinapp.item",
    "pk": 34,
    "fields": {
        "title": "آهنگ",
        "image_url": "static/images/sing1.png",
        "row": 6
    }
},
{
    "model": "vitrinapp.item",
    "pk": 35,
    "fields": {
        "title": "سنجاب ها",
        "image_url": "static/images/alvin1.png",
        "row": 6
    }
},
{
    "model": "vitrinapp.item",
    "pk": 36,
    "fields": {
        "title": "جرج کنجکاو",
        "image_url": "static/images/Curious-George-2006.png",
        "row": 5
    }
},
{
    "model": "vitrinapp.item",
    "pk": 37,
    "fields": {
        "title": "تام و جری",
        "image_url": "static/images/Tom-And-Jerry-Forcell.png",
        "row": 7
    }
},
{
    "model": "vitrinapp.item",
    "pk": 38,
    "fields": {
        "title": "شانس",
        "image_url": "static/images/luck.png",
        "row": 8
    }
},
{
    "model": "vitrinapp.item",
    "pk": 39,
    "fields": {
        "title": "سیندرلا",
        "image_url": "static/images/cinderella_qva0tbA.png",
        "row": 6
    }
},
{
    "model": "vitrinapp.item",
    "pk": 40,
    "fields": {
        "title": "انگلیسی",
        "image_url": "static/images/nohom_Y1D3h89.png",
        "row": 14
    }
},
{
    "model": "vitrinapp.item",
    "pk": 41,
    "fields": {
        "title": "ریاضی",
        "image_url": "static/images/nohommath_GxOBTlJ.png",
        "row": 14
    }
},
{
    "model": "vitrinapp.item",
    "pk": 42,
    "fields": {
        "title": "علوم",
        "image_url": "static/images/nohomooloom_XPK75PC.png",
        "row": 14
    }
},
{
    "model": "vitrinapp.item",
    "pk": 43,
    "fields": {
        "title": "ریاضی",
        "image_url": "static/images/math8.png",
        "row": 4
    }
},
{
    "model": "vitrinapp.item",
    "pk": 44,
    "fields": {
        "title": "فارسی",
        "image_url": "static/images/farsi8.png",
        "row": 4
    }
},
{
    "model": "vitrinapp.item",
    "pk": 45,
    "fields": {
        "title": "علوم",
        "image_url": "static/images/olom8.png",
        "row": 4
    }
},
{
    "model": "vitrinapp.item",
    "pk": 46,
    "fields": {
        "title": "فارسی",
        "image_url": "static/images/farsi6.png",
        "row": 2
    }
}
]
